"season","player","jersey","opponent","data","player_squish","solo","ast","tot","tfl_yds","tfl","sack_yds","sacks","ff","fr_yds","fumbl","int","int_1","brup","blkd","qh","team","game_id","class","school","position","height","weight","hometown","highschool","hometown_hs","url"
2009,"Andrew",NA,"Chapman University","defense","andrew","1","-","1","1.0/1","1.0","-/-","-","-","0-0","-/-","-","-","-","-","-","away",7492,NA,NA,NA,NA,NA,NA,NA,NA,NA
2009,"Andrew Carcova",NA,"Chapman University","defense","andrew carcova","-","1","1","-/-","-","-/-","-","-","0-1","1/-","-","-","-","-","-","home",7492,NA,NA,NA,NA,NA,NA,NA,NA,NA
2009,"Atwater",NA,"Chapman University","defense","atwater","4","1","5","1.0/2","1.0","-/-","-","-","0-0","-/-","-","-","-","-","-","away",7492,NA,NA,NA,NA,NA,NA,NA,NA,NA
2009,"Brian Kaltenecker",NA,"Chapman University","defense","brian kaltenecker","4","-","4","1.0/1","1.0","-/-","-","-","0-1","1/-","-","-","-","-","-","home",7492,NA,NA,NA,NA,NA,NA,NA,NA,NA
2009,"Chiang",NA,"Chapman University","defense","chiang","2","-","2","1.0/5","1.0","-/-","-","-","0-0","-/-","-","-","1","-","-","away",7492,NA,NA,NA,NA,NA,NA,NA,NA,NA
2009,"Collin Hoyer",NA,"Chapman University","defense","collin hoyer","3","1","4","-/-","-","-/-","-","-","0-0","-/-","-","-","1","-","-","home",7492,NA,NA,NA,NA,NA,NA,NA,NA,NA
2009,"Danny Jones",NA,"Chapman University","defense","danny jones","2","-","2","-/-","-","-/-","-","-","0-0","-/-","-","-","-","-","-","home",7492,NA,NA,NA,NA,NA,NA,NA,NA,NA
2009,"E. Yingling",NA,"Chapman University","defense","e yingling","1","-","1","-/-","-","-/-","-","-","0-0","-/-","-","-","-","-","-","away",7492,NA,NA,NA,NA,NA,NA,NA,NA,NA
2009,"Erick Mueller",NA,"Chapman University","defense","erick mueller","1","1","2","-/-","-","-/-","-","-","0-0","-/-","-","-","-","-","-","home",7492,NA,NA,NA,NA,NA,NA,NA,NA,NA
2009,"Gorshteyn",NA,"Chapman University","defense","gorshteyn","1","-","1","-/-","-","-/-","-","-","0-0","-/-","-","-","-","-","-","away",7492,NA,NA,NA,NA,NA,NA,NA,NA,NA
2009,"Hansen",NA,"Chapman University","defense","hansen","-","1","1","-/-","-","-/-","-","-","0-0","-/-","-","-","-","-","-","away",7492,NA,NA,NA,NA,NA,NA,NA,NA,NA
2009,"Jake Fey",NA,"Chapman University","defense","jake fey","2","1","3","-/-","-","-/-","-","-","0-0","-/-","-","-","-","-","-","home",7492,NA,NA,NA,NA,NA,NA,NA,NA,NA
2009,"Jason Oregel",NA,"Chapman University","defense","jason oregel","2","1","3","-/-","-","-/-","-","-","0-0","-/-","-","-","-","-","-","home",7492,NA,NA,NA,NA,NA,NA,NA,NA,NA
2009,"Jiwanlal",NA,"Chapman University","defense","jiwanlal","1","-","1","-/-","-","-/-","-","-","0-0","-/-","-","-","-","-","-","away",7492,NA,NA,NA,NA,NA,NA,NA,NA,NA
2009,"Jordan Pavlisin",NA,"Chapman University","defense","jordan pavlisin","1","-","1","-/-","-","-/-","-","-","0-0","-/-","-","-","-","-","-","home",7492,NA,NA,NA,NA,NA,NA,NA,NA,NA
2009,"Kellen Matsuno",NA,"Chapman University","defense","kellen matsuno","3","-","3","-/-","-","-/-","-","-","0-0","-/-","-","-","-","-","-","home",7492,NA,NA,NA,NA,NA,NA,NA,NA,NA
2009,"Kevin Anderson",NA,"Chapman University","defense","kevin anderson","3","1","4","-/-","-","-/-","-","-","0-0","-/-","-","-","-","-","-","home",7492,NA,NA,NA,NA,NA,NA,NA,NA,NA
2009,"Laredo",NA,"Chapman University","defense","laredo","3","1","4","-/-","-","-/-","-","-","0-0","-/-","-","-","-","-","-","away",7492,NA,NA,NA,NA,NA,NA,NA,NA,NA
2009,"Marcoot",NA,"Chapman University","defense","marcoot","4","-","4","-/-","-","-/-","-","-","0-0","-/-","-","-","-","-","-","away",7492,NA,NA,NA,NA,NA,NA,NA,NA,NA
2009,"Michael Mehlhaff",NA,"Chapman University","defense","michael mehlhaff","3","-","3","-/-","-","-/-","-","-","0-0","-/-","-","-","-","-","-","home",7492,NA,NA,NA,NA,NA,NA,NA,NA,NA
2009,"Mike Arakelian",NA,"Chapman University","defense","mike arakelian","3","1","4","-/-","-","-/-","-","-","0-0","-/-","-","-","-","-","-","home",7492,NA,NA,NA,NA,NA,NA,NA,NA,NA
2009,"Mills",NA,"Chapman University","defense","mills","3","-","3","2.0/3","2.0","-/-","-","-","0-0","-/-","-","-","-","-","-","away",7492,NA,NA,NA,NA,NA,NA,NA,NA,NA
2009,"Morris",NA,"Chapman University","defense","morris","4","-","4","3.0/4","3.0","-/-","-","-","0-0","-/-","-","-","-","-","-","away",7492,NA,NA,NA,NA,NA,NA,NA,NA,NA
2009,"Nick Nugwynne",NA,"Chapman University","defense","nick nugwynne","1","-","1","-/-","-","-/-","-","-","0-0","-/-","1-4","1","-","-","-","home",7492,NA,NA,NA,NA,NA,NA,NA,NA,NA
2009,"Olson",NA,"Chapman University","defense","olson","2","-","2","-/-","-","-/-","-","-","0-0","-/-","-","-","-","-","-","away",7492,NA,NA,NA,NA,NA,NA,NA,NA,NA
2009,"Park",NA,"Chapman University","defense","park","3","-","3","-/-","-","-/-","-","-","0-0","-/-","-","-","-","-","-","away",7492,NA,NA,NA,NA,NA,NA,NA,NA,NA
2009,"Patoc",NA,"Chapman University","defense","patoc","1","-","1","-/-","-","-/-","-","-","0-0","-/-","-","-","1","-","-","away",7492,NA,NA,NA,NA,NA,NA,NA,NA,NA
2009,"Peter Antone",NA,"Chapman University","defense","peter antone","7","-","7","1.0/6","1.0","-/-","-","-","0-0","-/-","-","-","-","-","-","home",7492,NA,NA,NA,NA,NA,NA,NA,NA,NA
2009,"Picciotto",NA,"Chapman University","defense","picciotto","-","1","1","-/-","-","-/-","-","-","0-0","-/-","-","-","-","-","-","away",7492,NA,NA,NA,NA,NA,NA,NA,NA,NA
2009,"Richard Phillips",NA,"Chapman University","defense","richard phillips","1","-","1","-/-","-","-/-","-","-","0-0","-/-","-","-","-","-","-","home",7492,NA,NA,NA,NA,NA,NA,NA,NA,NA
2009,"Rymer",NA,"Chapman University","defense","rymer","5","1","6","-/-","-","-/-","-","-","0-0","-/-","-","-","1","-","-","away",7492,NA,NA,NA,NA,NA,NA,NA,NA,NA
2009,"Salzman",NA,"Chapman University","defense","salzman","2","1","3","-/-","-","-/-","-","-","0-0","-/-","-","-","-","-","-","away",7492,NA,NA,NA,NA,NA,NA,NA,NA,NA
2009,"Stephen Sales",NA,"Chapman University","defense","stephen sales","1","-","1","-/-","-","-/-","-","-","0-0","-/-","-","-","-","-","-","home",7492,NA,NA,NA,NA,NA,NA,NA,NA,NA
2009,"Steve Downs",NA,"Chapman University","defense","steve downs","6","1","7","-/-","-","-/-","-","1","1-0","-/-","-","-","-","-","-","home",7492,NA,NA,NA,NA,NA,NA,NA,NA,NA
2009,"Team",NA,"Chapman University","defense","team","5","-","5","-/-","-","-/-","-","-","0-1","1/-","-","-","-","-","-","home",7492,NA,NA,NA,NA,NA,NA,NA,NA,NA
2009,"Team",NA,"Chapman University","defense","team","3","-","3","-/-","-","-/-","-","-","0-0","-/-","-","-","-","-","-","away",7492,NA,NA,NA,NA,NA,NA,NA,NA,NA
2009,"Tognoni",NA,"Chapman University","defense","tognoni","3","-","3","2.0/2","2.0","-/-","-","-","0-0","-/-","2-63","2","1","-","-","away",7492,NA,NA,NA,NA,NA,NA,NA,NA,NA
2009,"Tyler Halstead",NA,"Chapman University","defense","tyler halstead","1","-","1","-/-","-","-/-","-","-","0-0","-/-","-","-","-","-","-","home",7492,NA,NA,NA,NA,NA,NA,NA,NA,NA
2009,"Weyerhauser",NA,"Chapman University","defense","weyerhauser","2","-","2","1.0/1","1.0","-/-","-","-","0-0","-/-","-","-","-","-","-","away",7492,NA,NA,NA,NA,NA,NA,NA,NA,NA
2009,"Willie Robbins",NA,"Chapman University","defense","willie robbins","2","-","2","1.0/4","1.0","-/-","-","1","1-0","-/-","-","-","-","-","-","home",7492,NA,NA,NA,NA,NA,NA,NA,NA,NA
2009,"Dan Picciotto",2,"Occidental College","defense","dan picciotto","9","6","15","2.0/17","2.0","1.5/15","1.5","-","0-1","1/20","-","-","-","-","-","home",7488,"Sr.",NA,"DB","6-1",NA,NA,NA,"Tigard, OR / Tigard","https://cmsathletics.org/sports/football/roster/2009?view=2"
2009,"Dane Rymer",4,"Occidental College","defense","dane rymer","1","2","3","0.5/2","0.5","-/-","-","-","0-0","-/-","-","-","2","-","-","home",7488,"Sr.",NA,"DB","6-1",NA,NA,NA,"Phoenix, AZ / Valley Christian","https://cmsathletics.org/sports/football/roster/2009?view=2"
2009,"Jake Weyerhauser",10,"Occidental College","defense","jake weyerhauser","4","3","7","-/-","-","-/-","-","-","0-0","-/-","-","-","-","-","-","home",7488,"Fr.",NA,"DB","6-0",NA,NA,NA,"Lakewood, WA / Charles Wright Academy","https://cmsathletics.org/sports/football/roster/2009?view=2"
2009,"Adam Morris",14,"Occidental College","defense","adam morris","1","-","1","-/-","-","-/-","-","-","0-0","-/-","-","-","-","-","-","home",7488,"Jr.",NA,"LB","5-7",NA,NA,NA,"Honolulu, HI / Punahou","https://cmsathletics.org/sports/football/roster/2009?view=2"
2009,"Nate Jiwanlal",15,"Occidental College","defense","nate jiwanlal","4","-","4","-/-","-","-/-","-","-","0-0","-/-","-","-","-","-","-","home",7488,"So.",NA,"DB","5-10",NA,NA,NA,"Wichita, KS / Andover","https://cmsathletics.org/sports/football/roster/2009?view=2"
2009,"Kyle Hansen",17,"Occidental College","defense","kyle hansen","1","-","1","-/-","-","-/-","-","-","0-0","-/-","-","-","-","-","-","home",7488,"Fr.",NA,"DB","6-2",NA,NA,NA,"Issaquah, WA / Issaquah","https://cmsathletics.org/sports/football/roster/2009?view=2"
2009,"Jackie Coburn",23,"Occidental College","defense","jackie coburn","1","-","1","-/-","-","-/-","-","-","0-0","-/-","-","-","-","-","-","home",7488,"Fr.",NA,"DB","6-2",NA,NA,NA,"Beaverton, OR / Beaverton","https://cmsathletics.org/sports/football/roster/2009?view=2"
2009,"Brock Olson",26,"Occidental College","defense","brock olson","4","5","9","-/-","-","-/-","-","-","0-0","-/-","1-2","1","1","-","-","home",7488,"Sr.",NA,"DB","5-11",NA,NA,NA,"Lake Oswego, OR / Lakeridge","https://cmsathletics.org/sports/football/roster/2009?view=2"
2009,"Patrick Atwater",31,"Occidental College","defense","patrick atwater","-","5","5","-/-","-","-/-","-","-","0-0","-/-","-","-","-","-","-","home",7488,"Sr.",NA,"LB","6-1",NA,NA,NA,"La Canada / Cresenta Valley","https://cmsathletics.org/sports/football/roster/2009?view=2"
2009,"Sae Bin Park",51,"Occidental College","defense","sae bin park","-","3","3","-/-","-","-/-","-","-","0-0","-/-","-","-","-","-","-","home",7488,"So.",NA,"LB","5-8",NA,NA,NA,"Los Angeles / Beverly Hills","https://cmsathletics.org/sports/football/roster/2009?view=2"
2009,"Matt Laredo",55,"Occidental College","defense","matt laredo","2","-","2","1.0/1","1.0","-/-","-","-","0-0","-/-","-","-","-","-","-","home",7488,"So.",NA,"LB","5-11",NA,NA,NA,"Pacific Grove / Pacific Grove","https://cmsathletics.org/sports/football/roster/2009?view=2"
2009,"Ben Salzman",56,"Occidental College","defense","ben salzman","2","-","2","-/-","-","-/-","-","-","0-0","-/-","-","-","-","-","-","home",7488,"So.",NA,"LB","5-11",NA,NA,NA,"Calabasas / Viewpoint School","https://cmsathletics.org/sports/football/roster/2009?view=2"
2009,"Dylan Marcoot",57,"Occidental College","defense","dylan marcoot","-","1","1","0.5/1","0.5","-/-","-","-","0-0","-/-","-","-","-","-","-","home",7488,"Fr.",NA,"DL","6-1",NA,NA,NA,"Keenesburg, CO / Weld Central","https://cmsathletics.org/sports/football/roster/2009?view=2"
2009,"Grigoriy Gorshteyn",72,"Occidental College","defense","grigoriy gorshteyn","-","2","2","0.5/1","0.5","-/-","-","-","0-0","-/-","-","-","-","-","-","home",7488,"Jr.",NA,"OL","6-4",NA,NA,NA,"Excelsior, MN / Blake School","https://cmsathletics.org/sports/football/roster/2009?view=2"
2009,"Ed Mills",78,"Occidental College","defense","ed mills","-","2","2","1.0/5","1.0","0.5/4","0.5","-","0-0","-/-","-","-","-","-","-","home",7488,"So.",NA,"DL","6-3",NA,NA,NA,"Bellevue, WA / Bellevue","https://cmsathletics.org/sports/football/roster/2009?view=2"
2009,"Rory Baird",83,"Occidental College","defense","rory baird","2","1","3","1.5/1","1.5","-/-","-","-","0-0","-/-","-","-","-","-","-","home",7488,"Jr.",NA,"DL","6-4",NA,NA,NA,"San Pasqual / San Pasqual","https://cmsathletics.org/sports/football/roster/2009?view=2"
2009,"Alex Curtis",91,"Occidental College","defense","alex curtis","1","-","1","-/-","-","-/-","-","-","0-0","-/-","-","-","-","-","-","home",7488,"So.",NA,"TE","6-2",NA,NA,NA,"Portola Valley / Menlo School","https://cmsathletics.org/sports/football/roster/2009?view=2"
2009,"Daniel Andrew",95,"Occidental College","defense","daniel andrew","2","2","4","-/-","-","-/-","-","-","0-0","-/-","-","-","-","-","-","home",7488,"So.",NA,"DL","5-11",NA,NA,NA,"Westport, CT / Staples","https://cmsathletics.org/sports/football/roster/2009?view=2"
2009,"Peter Schock",98,"Occidental College","defense","peter schock","-","1","1","-/-","-","-/-","-","-","0-0","-/-","-","-","-","-","-","home",7488,"Rs.",NA,"DL","6-2",NA,NA,NA,"Wenatchee, WA / Phillips Academy","https://cmsathletics.org/sports/football/roster/2009?view=2"
2009,"Eric Yingling",99,"Occidental College","defense","eric yingling","-","1","1","-/-","-","-/-","-","-","0-0","-/-","-","-","-","-","1","home",7488,"So.",NA,"DL","6-0",NA,NA,NA,"Gages Lake, IL / Round Lake","https://cmsathletics.org/sports/football/roster/2009?view=2"
2009,"Aaron Stanton",NA,"Occidental College","defense","aaron stanton","2","1","3","-/-","-","-/-","-","-","0-0","-/-","-","-","-","-","-","away",7488,NA,NA,NA,NA,NA,NA,NA,NA,NA
2009,"Adam Dibenedetto",NA,"Occidental College","defense","adam dibenedetto","-","1","1","-/-","-","-/-","-","-","0-0","-/-","-","-","-","-","-","away",7488,NA,NA,NA,NA,NA,NA,NA,NA,NA
2009,"Alex Wertheimer",NA,"Occidental College","defense","alex wertheimer","3","2","5","1.5/6","1.5","0.5/2","0.5","-","0-1","1/-","-","-","-","-","-","away",7488,NA,NA,NA,NA,NA,NA,NA,NA,NA
2009,"Ayrton Bates",NA,"Occidental College","defense","ayrton bates","1","-","1","-/-","-","-/-","-","-","0-0","-/-","-","-","1","-","-","away",7488,NA,NA,NA,NA,NA,NA,NA,NA,NA
2009,"Charles Sarosy",NA,"Occidental College","defense","charles sarosy","1","-","1","-/-","-","-/-","-","-","0-0","-/-","-","-","-","-","-","home",7488,NA,NA,NA,NA,NA,NA,NA,NA,NA
2009,"Cory Suess",NA,"Occidental College","defense","cory suess","1","-","1","-/-","-","-/-","-","-","0-0","-/-","-","-","-","-","-","away",7488,NA,NA,NA,NA,NA,NA,NA,NA,NA
2009,"Dillon Tucker",NA,"Occidental College","defense","dillon tucker","2","-","2","-/-","-","-/-","-","-","0-0","-/-","1-2","1","-","-","-","away",7488,NA,NA,NA,NA,NA,NA,NA,NA,NA
2009,"Greg Holsworth",NA,"Occidental College","defense","greg holsworth","2","4","6","-/-","-","-/-","-","-","0-0","-/-","-","-","-","-","-","away",7488,NA,NA,NA,NA,NA,NA,NA,NA,NA
2009,"Jesse Fischer",NA,"Occidental College","defense","jesse fischer","2","2","4","-/-","-","-/-","-","-","0-0","-/-","-","-","-","-","-","away",7488,NA,NA,NA,NA,NA,NA,NA,NA,NA
2009,"Jim Hildensperger",NA,"Occidental College","defense","jim hildensperger","3","1","4","1.0/8","1.0","1.0/8","1.0","-","0-0","-/-","-","-","-","-","1","away",7488,NA,NA,NA,NA,NA,NA,NA,NA,NA
2009,"Jordan Inabnit",NA,"Occidental College","defense","jordan inabnit","-","-","-","-/-","-","-/-","-","-","0-0","-/-","-","-","-","1","-","away",7488,NA,NA,NA,NA,NA,NA,NA,NA,NA
2009,"Jordan Washington",NA,"Occidental College","defense","jordan washington","3","-","3","-/-","-","-/-","-","-","0-0","-/-","-","-","-","-","-","away",7488,NA,NA,NA,NA,NA,NA,NA,NA,NA
2009,"Josh Beck",NA,"Occidental College","defense","josh beck","5","3","8","2.0/11","2.0","-/-","-","-","0-0","-/-","-","-","-","-","-","away",7488,NA,NA,NA,NA,NA,NA,NA,NA,NA
2009,"Kyle Kazarian",NA,"Occidental College","defense","kyle kazarian","-","1","1","-/-","-","-/-","-","-","0-0","-/-","-","-","-","-","-","away",7488,NA,NA,NA,NA,NA,NA,NA,NA,NA
2009,"Kyle Spaulding",NA,"Occidental College","defense","kyle spaulding","4","2","6","0.5/2","0.5","0.5/2","0.5","-","0-0","-/-","-","-","-","-","-","away",7488,NA,NA,NA,NA,NA,NA,NA,NA,NA
2009,"Mike Jorgenson",NA,"Occidental College","defense","mike jorgenson","1","-","1","-/-","-","-/-","-","-","0-0","-/-","-","-","-","-","-","away",7488,NA,NA,NA,NA,NA,NA,NA,NA,NA
2009,"Nate Proulx",NA,"Occidental College","defense","nate proulx","2","-","2","-/-","-","-/-","-","-","0-0","-/-","-","-","-","-","-","away",7488,NA,NA,NA,NA,NA,NA,NA,NA,NA
2009,"Robert Michel",NA,"Occidental College","defense","robert michel","-","-","-","-/-","-","-/-","-","-","0-0","-/-","1-29","1","-","-","-","away",7488,NA,NA,NA,NA,NA,NA,NA,NA,NA
2009,"Ryan Rodriguez",NA,"Occidental College","defense","ryan rodriguez","-","1","1","-/-","-","-/-","-","-","0-0","-/-","-","-","-","-","-","away",7488,NA,NA,NA,NA,NA,NA,NA,NA,NA
2009,"Schuyler Ross",NA,"Occidental College","defense","schuyler ross","1","-","1","-/-","-","-/-","-","-","0-0","-/-","-","-","-","-","-","away",7488,NA,NA,NA,NA,NA,NA,NA,NA,NA
2009,"Tommy Andre",NA,"Occidental College","defense","tommy andre","1","-","1","-/-","-","-/-","-","-","0-0","-/-","-","-","-","-","-","away",7488,NA,NA,NA,NA,NA,NA,NA,NA,NA
2009,"Trace Wallace",NA,"Occidental College","defense","trace wallace","1","-","1","-/-","-","-/-","-","-","0-0","-/-","-","-","-","-","-","away",7488,NA,NA,NA,NA,NA,NA,NA,NA,NA
2009,"Zac Perkins",NA,"Occidental College","defense","zac perkins","4","4","8","-/-","-","-/-","-","-","0-0","-/-","-","-","-","-","-","away",7488,NA,NA,NA,NA,NA,NA,NA,NA,NA
2009,"Dan Picciotto",2,"Pomona-Pitzer","defense","dan picciotto","2","3","5","1.5/9","1.5","-/-","-","-","0-0","-/-","1-0","1","-","-","-","home",7494,"Sr.",NA,"DB","6-1",NA,NA,NA,"Tigard, OR / Tigard","https://cmsathletics.org/sports/football/roster/2009?view=2"
2009,"Dane Rymer",4,"Pomona-Pitzer","defense","dane rymer","4","4","8","-/-","-","-/-","-","-","0-0","-/-","-","-","-","-","1","home",7494,"Sr.",NA,"DB","6-1",NA,NA,NA,"Phoenix, AZ / Valley Christian","https://cmsathletics.org/sports/football/roster/2009?view=2"
2009,"D.j. Lillard",9,"Pomona-Pitzer","defense","dj lillard","1","-","1","-/-","-","-/-","-","-","0-0","-/-","-","-","-","-","-","home",7494,"Sr.",NA,"RB","5-11",NA,NA,NA,"Phoenix, AZ / Valley Lutheran","https://cmsathletics.org/sports/football/roster/2009?view=2"
2009,"Corbin Tognoni",11,"Pomona-Pitzer","defense","corbin tognoni","3","3","6","-/-","-","-/-","-","-","0-0","-/-","-","-","1","-","-","home",7494,"So.",NA,"DB","6-2",NA,NA,NA,"Andover, MA / Phillips Academy","https://cmsathletics.org/sports/football/roster/2009?view=2"
2009,"Adam Morris",14,"Pomona-Pitzer","defense","adam morris","3","4","7","0.5/4","0.5","-/-","-","-","0-0","-/-","-","-","1","-","1","home",7494,"Jr.",NA,"LB","5-7",NA,NA,NA,"Honolulu, HI / Punahou","https://cmsathletics.org/sports/football/roster/2009?view=2"
2009,"Kyle Hansen",17,"Pomona-Pitzer","defense","kyle hansen","2","1","3","-/-","-","-/-","-","-","0-0","-/-","-","-","-","-","-","home",7494,"Fr.",NA,"DB","6-2",NA,NA,NA,"Issaquah, WA / Issaquah","https://cmsathletics.org/sports/football/roster/2009?view=2"
2009,"Corey Bickler",20,"Pomona-Pitzer","defense","corey bickler","-","1","1","-/-","-","-/-","-","-","0-0","-/-","-","-","-","-","-","home",7494,"Fr.",NA,"RB","5-10",NA,NA,NA,"Salem, OR / South Salem","https://cmsathletics.org/sports/football/roster/2009?view=2"
2009,"Jackie Coburn",23,"Pomona-Pitzer","defense","jackie coburn","1","-","1","1.0/4","1.0","-/-","-","-","0-0","-/-","-","-","-","-","-","home",7494,"Fr.",NA,"DB","6-2",NA,NA,NA,"Beaverton, OR / Beaverton","https://cmsathletics.org/sports/football/roster/2009?view=2"
2009,"Brock Olson",26,"Pomona-Pitzer","defense","brock olson","6","1","7","1.5/4","1.5","-/-","-","-","0-0","-/-","2-14","2","-","-","-","home",7494,"Sr.",NA,"DB","5-11",NA,NA,NA,"Lake Oswego, OR / Lakeridge","https://cmsathletics.org/sports/football/roster/2009?view=2"
2009,"Patrick Atwater",31,"Pomona-Pitzer","defense","patrick atwater","4","3","7","1.0/3","1.0","-/-","-","-","0-0","-/-","-","-","-","-","-","home",7494,"Sr.",NA,"LB","6-1",NA,NA,NA,"La Canada / Cresenta Valley","https://cmsathletics.org/sports/football/roster/2009?view=2"
2009,"Landon Patoc",37,"Pomona-Pitzer","defense","landon patoc","3","-","3","-/-","-","-/-","-","-","0-0","-/-","-","-","3","-","-","home",7494,"Sr.",NA,"DB","5-7",NA,NA,NA,"Honolulu, HI / Iolani School","https://cmsathletics.org/sports/football/roster/2009?view=2"
2009,"David Henningsen",48,"Pomona-Pitzer","defense","david henningsen","2","-","2","-/-","-","-/-","-","-","0-0","-/-","-","-","-","-","-","home",7494,"So.",NA,"LB","5-9",NA,NA,NA,"Oak Park / Oak Park","https://cmsathletics.org/sports/football/roster/2009?view=2"
2009,"Sae Bin Park",51,"Pomona-Pitzer","defense","sae bin park","-","1","1","-/-","-","-/-","-","-","0-0","-/-","-","-","-","-","-","home",7494,"So.",NA,"LB","5-8",NA,NA,NA,"Los Angeles / Beverly Hills","https://cmsathletics.org/sports/football/roster/2009?view=2"
2009,"Matt Laredo",55,"Pomona-Pitzer","defense","matt laredo","-","1","1","-/-","-","-/-","-","-","0-0","-/-","-","-","-","-","-","home",7494,"So.",NA,"LB","5-11",NA,NA,NA,"Pacific Grove / Pacific Grove","https://cmsathletics.org/sports/football/roster/2009?view=2"
2009,"Ben Salzman",56,"Pomona-Pitzer","defense","ben salzman","-","1","1","-/-","-","-/-","-","-","0-0","-/-","-","-","-","-","-","home",7494,"So.",NA,"LB","5-11",NA,NA,NA,"Calabasas / Viewpoint School","https://cmsathletics.org/sports/football/roster/2009?view=2"
2009,"Dylan Marcoot",57,"Pomona-Pitzer","defense","dylan marcoot","1","3","4","1.5/6","1.5","-/-","-","-","0-0","-/-","-","-","-","-","-","home",7494,"Fr.",NA,"DL","6-1",NA,NA,NA,"Keenesburg, CO / Weld Central","https://cmsathletics.org/sports/football/roster/2009?view=2"
2009,"Ed Mills",78,"Pomona-Pitzer","defense","ed mills","2","1","3","-/-","-","-/-","-","-","0-0","-/-","-","-","-","-","1","home",7494,"So.",NA,"DL","6-3",NA,NA,NA,"Bellevue, WA / Bellevue","https://cmsathletics.org/sports/football/roster/2009?view=2"
2009,"Daniel Andrew",95,"Pomona-Pitzer","defense","daniel andrew","-","3","3","-/-","-","-/-","-","-","0-0","-/-","-","-","-","-","-","home",7494,"So.",NA,"DL","5-11",NA,NA,NA,"Westport, CT / Staples","https://cmsathletics.org/sports/football/roster/2009?view=2"
2009,"Eric Yingling",99,"Pomona-Pitzer","defense","eric yingling","-","-","-","-/-","-","-/-","-","-","0-0","-/-","-","-","-","-","1","home",7494,"So.",NA,"DL","6-0",NA,NA,NA,"Gages Lake, IL / Round Lake","https://cmsathletics.org/sports/football/roster/2009?view=2"
2009,"Alpha Anders",NA,"Pomona-Pitzer","defense","alpha anders","1","2","3","-/-","-","-/-","-","-","0-0","-/-","-","-","-","-","-","away",7494,NA,NA,NA,NA,NA,NA,NA,NA,NA
2009,"Bobby Montalvo",NA,"Pomona-Pitzer","defense","bobby montalvo","1","3","4","-/-","-","-/-","-","-","0-0","-/-","1-50","1","1","-","-","away",7494,NA,NA,NA,NA,NA,NA,NA,NA,NA
2009,"Bryan Opritza",NA,"Pomona-Pitzer","defense","bryan opritza","3","5","8","1.0/2","1.0","-/-","-","-","0-0","-/-","-","-","-","-","-","away",7494,NA,NA,NA,NA,NA,NA,NA,NA,NA
2009,"Charles Sander",NA,"Pomona-Pitzer","defense","charles sander","3","1","4","-/-","-","-/-","-","-","0-1","1/-","-","-","-","-","-","away",7494,NA,NA,NA,NA,NA,NA,NA,NA,NA
2009,"Charles Sarosy",NA,"Pomona-Pitzer","defense","charles sarosy","1","-","1","-/-","-","-/-","-","-","0-0","-/-","-","-","-","-","-","home",7494,NA,NA,NA,NA,NA,NA,NA,NA,NA
2009,"Colin Regan",NA,"Pomona-Pitzer","defense","colin regan","1","-","1","-/-","-","-/-","-","-","0-0","-/-","-","-","-","-","-","away",7494,NA,NA,NA,NA,NA,NA,NA,NA,NA
2009,"Donald Hamnett",NA,"Pomona-Pitzer","defense","donald hamnett","1","-","1","-/-","-","-/-","-","-","0-0","-/-","-","-","-","-","-","away",7494,NA,NA,NA,NA,NA,NA,NA,NA,NA
2009,"Jacob Kaplan",NA,"Pomona-Pitzer","defense","jacob kaplan","2","-","2","-/-","-","-/-","-","-","0-0","-/-","-","-","-","-","-","away",7494,NA,NA,NA,NA,NA,NA,NA,NA,NA
2009,"Jacob Rollins",NA,"Pomona-Pitzer","defense","jacob rollins","4","5","9","-/-","-","-/-","-","-","0-1","1/30","-","-","1","-","-","away",7494,NA,NA,NA,NA,NA,NA,NA,NA,NA
2009,"Jimmy Lieber",NA,"Pomona-Pitzer","defense","jimmy lieber","1","-","1","-/-","-","-/-","-","-","0-0","-/-","-","-","-","-","-","away",7494,NA,NA,NA,NA,NA,NA,NA,NA,NA
2009,"Joseph Dixon",NA,"Pomona-Pitzer","defense","joseph dixon","1","-","1","-/-","-","-/-","-","-","0-0","-/-","-","-","-","-","-","away",7494,NA,NA,NA,NA,NA,NA,NA,NA,NA
2009,"Joshua Rothman",NA,"Pomona-Pitzer","defense","joshua rothman","2","1","3","-/-","-","-/-","-","-","0-0","-/-","-","-","-","-","-","away",7494,NA,NA,NA,NA,NA,NA,NA,NA,NA
2009,"Justin Meng",NA,"Pomona-Pitzer","defense","justin meng","1","-","1","-/-","-","-/-","-","-","0-0","-/-","-","-","-","-","-","away",7494,NA,NA,NA,NA,NA,NA,NA,NA,NA
2009,"Kareem Smedley",NA,"Pomona-Pitzer","defense","kareem smedley","-","-","-","-/-","-","-/-","-","-","0-0","-/-","-","-","-","1","-","away",7494,NA,NA,NA,NA,NA,NA,NA,NA,NA
2009,"Matt Jevsevar",NA,"Pomona-Pitzer","defense","matt jevsevar","2","7","9","1.5/10","1.5","1.0/9","1.0","-","0-0","-/-","-","-","-","-","-","away",7494,NA,NA,NA,NA,NA,NA,NA,NA,NA
2009,"Max Reed",NA,"Pomona-Pitzer","defense","max reed","5","3","8","2.0/2","2.0","-/-","-","-","0-0","-/-","-","-","-","-","-","away",7494,NA,NA,NA,NA,NA,NA,NA,NA,NA
2009,"Ross Tanaka",NA,"Pomona-Pitzer","defense","ross tanaka","10","3","13","2.5/17","2.5","2.0/17","2.0","-","0-0","-/-","-","-","-","-","-","away",7494,NA,NA,NA,NA,NA,NA,NA,NA,NA
2009,"S. Harrison",NA,"Pomona-Pitzer","defense","s harrison","-","3","3","-/-","-","-/-","-","-","0-0","-/-","-","-","-","-","-","away",7494,NA,NA,NA,NA,NA,NA,NA,NA,NA
2009,"Sam Littleton",NA,"Pomona-Pitzer","defense","sam littleton","2","-","2","2.0/21","2.0","1.0/8","1.0","-","0-0","-/-","-","-","-","1","-","away",7494,NA,NA,NA,NA,NA,NA,NA,NA,NA
2009,"Thomas Fenster",NA,"Pomona-Pitzer","defense","thomas fenster","1","1","2","-/-","-","-/-","-","-","0-0","-/-","-","-","-","-","-","away",7494,NA,NA,NA,NA,NA,NA,NA,NA,NA
2009,"Dan Picciotto",2,"University of Puget Sound","defense","dan picciotto","6","7","13","2.5/15","2.5","1.0/4","1.0","-","0-0","-/-","-","-","-","-","-","home",7487,"Sr.",NA,"DB","6-1",NA,NA,NA,"Tigard, OR / Tigard","https://cmsathletics.org/sports/football/roster/2009?view=2"
2009,"Dane Rymer",4,"University of Puget Sound","defense","dane rymer","2","1","3","-/-","-","-/-","-","-","0-0","-/-","-","-","-","-","-","home",7487,"Sr.",NA,"DB","6-1",NA,NA,NA,"Phoenix, AZ / Valley Christian","https://cmsathletics.org/sports/football/roster/2009?view=2"
2009,"Jake Weyerhauser",10,"University of Puget Sound","defense","jake weyerhauser","3","1","4","-/-","-","-/-","-","-","0-0","-/-","-","-","-","-","-","home",7487,"Fr.",NA,"DB","6-0",NA,NA,NA,"Lakewood, WA / Charles Wright Academy","https://cmsathletics.org/sports/football/roster/2009?view=2"
2009,"Corbin Tognoni",11,"University of Puget Sound","defense","corbin tognoni","1","1","2","-/-","-","-/-","-","-","0-0","-/-","-","-","-","-","-","home",7487,"So.",NA,"DB","6-2",NA,NA,NA,"Andover, MA / Phillips Academy","https://cmsathletics.org/sports/football/roster/2009?view=2"
2009,"Adam Morris",14,"University of Puget Sound","defense","adam morris","-","1","1","0.5/1","0.5","-/-","-","-","0-0","-/-","-","-","-","-","-","home",7487,"Jr.",NA,"LB","5-7",NA,NA,NA,"Honolulu, HI / Punahou","https://cmsathletics.org/sports/football/roster/2009?view=2"
2009,"Nate Jiwanlal",15,"University of Puget Sound","defense","nate jiwanlal","1","1","2","-/-","-","-/-","-","-","0-0","-/-","-","-","-","-","-","home",7487,"So.",NA,"DB","5-10",NA,NA,NA,"Wichita, KS / Andover","https://cmsathletics.org/sports/football/roster/2009?view=2"
2009,"Jackie Coburn",23,"University of Puget Sound","defense","jackie coburn","1","1","2","-/-","-","-/-","-","-","0-0","-/-","-","-","-","-","-","home",7487,"Fr.",NA,"DB","6-2",NA,NA,NA,"Beaverton, OR / Beaverton","https://cmsathletics.org/sports/football/roster/2009?view=2"
2009,"Brock Olson",26,"University of Puget Sound","defense","brock olson","4","2","6","-/-","-","-/-","-","-","0-0","-/-","-","-","1","-","-","home",7487,"Sr.",NA,"DB","5-11",NA,NA,NA,"Lake Oswego, OR / Lakeridge","https://cmsathletics.org/sports/football/roster/2009?view=2"
2009,"Patrick Atwater",31,"University of Puget Sound","defense","patrick atwater","2","3","5","1.0/4","1.0","-/-","-","-","0-0","-/-","-","-","-","-","-","home",7487,"Sr.",NA,"LB","6-1",NA,NA,NA,"La Canada / Cresenta Valley","https://cmsathletics.org/sports/football/roster/2009?view=2"
2009,"Landon Patoc",37,"University of Puget Sound","defense","landon patoc","2","1","3","-/-","-","-/-","-","-","0-0","-/-","-","-","2","-","-","home",7487,"Sr.",NA,"DB","5-7",NA,NA,NA,"Honolulu, HI / Iolani School","https://cmsathletics.org/sports/football/roster/2009?view=2"
2009,"Sae Bin Park",51,"University of Puget Sound","defense","sae bin park","4","3","7","-/-","-","-/-","-","-","0-0","-/-","-","-","-","-","-","home",7487,"So.",NA,"LB","5-8",NA,NA,NA,"Los Angeles / Beverly Hills","https://cmsathletics.org/sports/football/roster/2009?view=2"
2009,"Ed Mills",78,"University of Puget Sound","defense","ed mills","2","1","3","1.0/16","1.0","1.0/16","1.0","-","0-0","-/-","-","-","-","-","-","home",7487,"So.",NA,"DL","6-3",NA,NA,NA,"Bellevue, WA / Bellevue","https://cmsathletics.org/sports/football/roster/2009?view=2"
2009,"Rory Baird",83,"University of Puget Sound","defense","rory baird","1","2","3","0.5/3","0.5","-/-","-","-","0-0","-/-","-","-","-","-","-","home",7487,"Jr.",NA,"DL","6-4",NA,NA,NA,"San Pasqual / San Pasqual","https://cmsathletics.org/sports/football/roster/2009?view=2"
2009,"Daniel Andrew",95,"University of Puget Sound","defense","daniel andrew","1","2","3","0.5/2","0.5","-/-","-","-","0-0","-/-","-","-","-","-","-","home",7487,"So.",NA,"DL","5-11",NA,NA,NA,"Westport, CT / Staples","https://cmsathletics.org/sports/football/roster/2009?view=2"
2009,"Eric Yingling",99,"University of Puget Sound","defense","eric yingling","-","1","1","-/-","-","-/-","-","-","0-0","-/-","-","-","-","-","-","home",7487,"So.",NA,"DL","6-0",NA,NA,NA,"Gages Lake, IL / Round Lake","https://cmsathletics.org/sports/football/roster/2009?view=2"
2009,"Abdelrasuel, Nasser",NA,"University of Puget Sound","defense","abdelrasuel nasser","-","-","-","-/-","-","-/-","-","-","0-0","-/-","-","-","1","-","-","away",7487,NA,NA,NA,NA,NA,NA,NA,NA,NA
2009,"Beck, Trevor",NA,"University of Puget Sound","defense","beck trevor","-","6","6","-/-","-","-/-","-","-","0-0","-/-","-","-","-","-","-","away",7487,NA,NA,NA,NA,NA,NA,NA,NA,NA
2009,"Coberly, Casey",NA,"University of Puget Sound","defense","coberly casey","3","3","6","2.0/5","2.0","-/-","-","1","1-0","-/-","-","-","-","-","-","away",7487,NA,NA,NA,NA,NA,NA,NA,NA,NA
2009,"Dunn, Cory",NA,"University of Puget Sound","defense","dunn cory","3","4","7","0.5/2","0.5","-/-","-","-","0-1","1/-","-","-","-","-","-","away",7487,NA,NA,NA,NA,NA,NA,NA,NA,NA
2009,"Field-Eaton, Sean",NA,"University of Puget Sound","defense","fieldeaton sean","1","7","8","0.5/1","0.5","-/-","-","-","0-0","-/-","-","-","-","-","-","away",7487,NA,NA,NA,NA,NA,NA,NA,NA,NA
2009,"Kniffin, Adam",NA,"University of Puget Sound","defense","kniffin adam","1","-","1","-/-","-","-/-","-","-","0-0","-/-","-","-","-","-","-","away",7487,NA,NA,NA,NA,NA,NA,NA,NA,NA
2009,"Kyobe, Nasser",NA,"University of Puget Sound","defense","kyobe nasser","1","-","1","-/-","-","-/-","-","-","0-0","-/-","-","-","-","-","-","away",7487,NA,NA,NA,NA,NA,NA,NA,NA,NA
2009,"Milner, Damarkus",NA,"University of Puget Sound","defense","milner damarkus","1","6","7","-/-","-","-/-","-","-","0-0","-/-","-","-","-","-","-","away",7487,NA,NA,NA,NA,NA,NA,NA,NA,NA
2009,"Palmer, Greg",NA,"University of Puget Sound","defense","palmer greg","-","1","1","-/-","-","-/-","-","-","0-0","-/-","-","-","-","-","-","away",7487,NA,NA,NA,NA,NA,NA,NA,NA,NA
2009,"Sobotka, James",NA,"University of Puget Sound","defense","sobotka james","-","3","3","-/-","-","-/-","-","-","0-0","-/-","-","-","-","-","-","away",7487,NA,NA,NA,NA,NA,NA,NA,NA,NA
2009,"Speetjens, Frank",NA,"University of Puget Sound","defense","speetjens frank","1","2","3","-/-","-","-/-","-","-","0-0","-/-","-","-","-","-","-","away",7487,NA,NA,NA,NA,NA,NA,NA,NA,NA
2009,"Team",NA,"University of Puget Sound","defense","team","-","-","-","-/-","-","-/-","-","-","0-1","1/-","-","-","-","-","-","away",7487,NA,NA,NA,NA,NA,NA,NA,NA,NA
2009,"Thomas, Phillip",NA,"University of Puget Sound","defense","thomas phillip","5","7","12","0.5/2","0.5","-/-","-","1","1-0","-/-","-","-","-","-","-","away",7487,NA,NA,NA,NA,NA,NA,NA,NA,NA
2009,"Vericella, Nick",NA,"University of Puget Sound","defense","vericella nick","4","4","8","0.5/1","0.5","-/-","-","-","0-0","-/-","-","-","-","-","-","away",7487,NA,NA,NA,NA,NA,NA,NA,NA,NA
2009,"Vlasak, Tyler",NA,"University of Puget Sound","defense","vlasak tyler","8","12","20","1.0/1","1.0","-/-","-","-","0-0","-/-","-","-","-","-","-","away",7487,NA,NA,NA,NA,NA,NA,NA,NA,NA
2009,"Wacker, Niko",NA,"University of Puget Sound","defense","wacker niko","1","-","1","-/-","-","-/-","-","-","0-0","-/-","-","-","-","-","-","away",7487,NA,NA,NA,NA,NA,NA,NA,NA,NA
2009,"Walker, Brian",NA,"University of Puget Sound","defense","walker brian","2","1","3","-/-","-","-/-","-","-","0-0","-/-","-","-","-","-","-","away",7487,NA,NA,NA,NA,NA,NA,NA,NA,NA
2009,"Mike Hirokawa",1,"University of Redlands","defense","mike hirokawa","1","-","1","-/-","-","-/-","-","-","0-0","-/-","-","-","-","-","-","home",7491,"Sr.",NA,"WR","5-10",NA,NA,NA,"Aiea, HI / Iolani School","https://cmsathletics.org/sports/football/roster/2009?view=2"
2009,"Dan Picciotto",2,"University of Redlands","defense","dan picciotto","2","1","3","-/-","-","-/-","-","-","0-0","-/-","-","-","-","-","-","home",7491,"Sr.",NA,"DB","6-1",NA,NA,NA,"Tigard, OR / Tigard","https://cmsathletics.org/sports/football/roster/2009?view=2"
2009,"Dane Rymer",4,"University of Redlands","defense","dane rymer","2","3","5","-/-","-","-/-","-","-","0-0","-/-","1-8","1","-","-","-","home",7491,"Sr.",NA,"DB","6-1",NA,NA,NA,"Phoenix, AZ / Valley Christian","https://cmsathletics.org/sports/football/roster/2009?view=2"
2009,"Jake Weyerhauser",10,"University of Redlands","defense","jake weyerhauser","3","3","6","-/-","-","-/-","-","-","0-0","-/-","-","-","-","-","-","home",7491,"Fr.",NA,"DB","6-0",NA,NA,NA,"Lakewood, WA / Charles Wright Academy","https://cmsathletics.org/sports/football/roster/2009?view=2"
2009,"Corbin Tognoni",11,"University of Redlands","defense","corbin tognoni","4","2","6","1.0/1","1.0","-/-","-","-","0-0","-/-","-","-","-","-","-","home",7491,"So.",NA,"DB","6-2",NA,NA,NA,"Andover, MA / Phillips Academy","https://cmsathletics.org/sports/football/roster/2009?view=2"
2009,"Adam Morris",14,"University of Redlands","defense","adam morris","2","3","5","-/-","-","-/-","-","-","0-0","-/-","-","-","-","-","-","home",7491,"Jr.",NA,"LB","5-7",NA,NA,NA,"Honolulu, HI / Punahou","https://cmsathletics.org/sports/football/roster/2009?view=2"
2009,"Nate Jiwanlal",15,"University of Redlands","defense","nate jiwanlal","2","4","6","-/-","-","-/-","-","-","0-0","-/-","-","-","-","-","-","home",7491,"So.",NA,"DB","5-10",NA,NA,NA,"Wichita, KS / Andover","https://cmsathletics.org/sports/football/roster/2009?view=2"
2009,"Kyle Hansen",17,"University of Redlands","defense","kyle hansen","2","2","4","1.0/13","1.0","-/-","-","-","0-0","-/-","-","-","-","-","-","home",7491,"Fr.",NA,"DB","6-2",NA,NA,NA,"Issaquah, WA / Issaquah","https://cmsathletics.org/sports/football/roster/2009?view=2"
2009,"Jackie Coburn",23,"University of Redlands","defense","jackie coburn","1","2","3","-/-","-","-/-","-","-","0-0","-/-","-","-","-","-","-","home",7491,"Fr.",NA,"DB","6-2",NA,NA,NA,"Beaverton, OR / Beaverton","https://cmsathletics.org/sports/football/roster/2009?view=2"
2009,"Brock Olson",26,"University of Redlands","defense","brock olson","2","6","8","-/-","-","-/-","-","-","0-0","-/-","-","-","1","1","-","home",7491,"Sr.",NA,"DB","5-11",NA,NA,NA,"Lake Oswego, OR / Lakeridge","https://cmsathletics.org/sports/football/roster/2009?view=2"
2009,"Patrick Atwater",31,"University of Redlands","defense","patrick atwater","1","5","6","1.0/6","1.0","1.0/6","1.0","-","0-0","-/-","-","-","-","-","-","home",7491,"Sr.",NA,"LB","6-1",NA,NA,NA,"La Canada / Cresenta Valley","https://cmsathletics.org/sports/football/roster/2009?view=2"
2009,"Landon Patoc",37,"University of Redlands","defense","landon patoc","-","1","1","-/-","-","-/-","-","-","0-0","-/-","1-40","1","3","-","-","home",7491,"Sr.",NA,"DB","5-7",NA,NA,NA,"Honolulu, HI / Iolani School","https://cmsathletics.org/sports/football/roster/2009?view=2"
2009,"Chet Corcos",39,"University of Redlands","defense","chet corcos","2","-","2","-/-","-","-/-","-","-","0-0","-/-","-","-","-","-","-","home",7491,"Fr.",NA,"K/P","5-11",NA,NA,NA,"Fair Oaks / Bella Vista","https://cmsathletics.org/sports/football/roster/2009?view=2"
2009,"David Henningsen",48,"University of Redlands","defense","david henningsen","2","1","3","-/-","-","-/-","-","-","0-0","-/-","-","-","-","-","-","home",7491,"So.",NA,"LB","5-9",NA,NA,NA,"Oak Park / Oak Park","https://cmsathletics.org/sports/football/roster/2009?view=2"
2009,"Sae Bin Park",51,"University of Redlands","defense","sae bin park","1","5","6","-/-","-","-/-","-","-","0-0","-/-","-","-","-","-","-","home",7491,"So.",NA,"LB","5-8",NA,NA,NA,"Los Angeles / Beverly Hills","https://cmsathletics.org/sports/football/roster/2009?view=2"
2009,"Matt Laredo",55,"University of Redlands","defense","matt laredo","3","4","7","1.0/2","1.0","-/-","-","1","1-0","-/-","-","-","-","-","-","home",7491,"So.",NA,"LB","5-11",NA,NA,NA,"Pacific Grove / Pacific Grove","https://cmsathletics.org/sports/football/roster/2009?view=2"
2009,"Ben Salzman",56,"University of Redlands","defense","ben salzman","-","1","1","-/-","-","-/-","-","-","0-0","-/-","-","-","-","-","-","home",7491,"So.",NA,"LB","5-11",NA,NA,NA,"Calabasas / Viewpoint School","https://cmsathletics.org/sports/football/roster/2009?view=2"
2009,"Dylan Marcoot",57,"University of Redlands","defense","dylan marcoot","3","-","3","1.0/2","1.0","-/-","-","-","0-0","-/-","-","-","-","-","-","home",7491,"Fr.",NA,"DL","6-1",NA,NA,NA,"Keenesburg, CO / Weld Central","https://cmsathletics.org/sports/football/roster/2009?view=2"
2009,"Grigoriy Gorshteyn",72,"University of Redlands","defense","grigoriy gorshteyn","-","3","3","-/-","-","-/-","-","-","0-0","-/-","-","-","1","-","-","home",7491,"Jr.",NA,"OL","6-4",NA,NA,NA,"Excelsior, MN / Blake School","https://cmsathletics.org/sports/football/roster/2009?view=2"
2009,"Ed Mills",78,"University of Redlands","defense","ed mills","-","1","1","-/-","-","-/-","-","-","0-0","-/-","-","-","-","-","1","home",7491,"So.",NA,"DL","6-3",NA,NA,NA,"Bellevue, WA / Bellevue","https://cmsathletics.org/sports/football/roster/2009?view=2"
2009,"Daniel Andrew",95,"University of Redlands","defense","daniel andrew","1","1","2","1.0/5","1.0","1.0/5","1.0","-","0-0","-/-","-","-","-","-","-","home",7491,"So.",NA,"DL","5-11",NA,NA,NA,"Westport, CT / Staples","https://cmsathletics.org/sports/football/roster/2009?view=2"
2009,"Eric Yingling",99,"University of Redlands","defense","eric yingling","-","-","-","-/-","-","-/-","-","-","0-0","-/-","-","-","-","-","1","home",7491,"So.",NA,"DL","6-0",NA,NA,NA,"Gages Lake, IL / Round Lake","https://cmsathletics.org/sports/football/roster/2009?view=2"
2009,"Daniel Allen",NA,"University of Redlands","defense","daniel allen","1","-","1","-/-","-","-/-","-","-","0-0","-/-","-","-","-","-","-","away",7491,NA,NA,NA,NA,NA,NA,NA,NA,NA
2009,"Eddie Thomas",NA,"University of Redlands","defense","eddie thomas","-","1","1","-/-","-","-/-","-","-","0-0","-/-","-","-","-","-","-","away",7491,NA,NA,NA,NA,NA,NA,NA,NA,NA
2009,"Eric Schroeder",NA,"University of Redlands","defense","eric schroeder","1","-","1","-/-","-","-/-","-","-","0-0","-/-","-","-","-","-","-","away",7491,NA,NA,NA,NA,NA,NA,NA,NA,NA
2009,"Evan Reuter",NA,"University of Redlands","defense","evan reuter","1","-","1","-/-","-","-/-","-","-","0-0","-/-","-","-","-","-","-","away",7491,NA,NA,NA,NA,NA,NA,NA,NA,NA
2009,"Ian Sluss",NA,"University of Redlands","defense","ian sluss","4","4","8","2.5/9","2.5","2.0/8","2.0","-","0-0","-/-","-","-","-","-","-","away",7491,NA,NA,NA,NA,NA,NA,NA,NA,NA
2009,"Jared Fink",NA,"University of Redlands","defense","jared fink","1","-","1","1.0/1","1.0","-/-","-","-","0-0","-/-","-","-","-","-","-","away",7491,NA,NA,NA,NA,NA,NA,NA,NA,NA
2009,"Jordan Garcia",NA,"University of Redlands","defense","jordan garcia","-","2","2","1.0/2","1.0","-/-","-","-","0-0","-/-","-","-","-","-","-","away",7491,NA,NA,NA,NA,NA,NA,NA,NA,NA
2009,"Josh Cunningham",NA,"University of Redlands","defense","josh cunningham","2","2","4","-/-","-","-/-","-","-","0-0","-/-","-","-","-","-","-","away",7491,NA,NA,NA,NA,NA,NA,NA,NA,NA
2009,"Josh Herrera",NA,"University of Redlands","defense","josh herrera","7","5","12","-/-","-","-/-","-","-","0-1","1/-","-","-","-","-","-","away",7491,NA,NA,NA,NA,NA,NA,NA,NA,NA
2009,"Mack Gordon",NA,"University of Redlands","defense","mack gordon","4","1","5","-/-","-","-/-","-","-","0-0","-/-","-","-","-","-","-","away",7491,NA,NA,NA,NA,NA,NA,NA,NA,NA
2009,"Matt Mohr",NA,"University of Redlands","defense","matt mohr","1","-","1","-/-","-","-/-","-","-","0-0","-/-","-","-","-","-","-","away",7491,NA,NA,NA,NA,NA,NA,NA,NA,NA
2009,"Matthew Collins",NA,"University of Redlands","defense","matthew collins","-","1","1","-/-","-","-/-","-","-","0-0","-/-","-","-","-","-","-","away",7491,NA,NA,NA,NA,NA,NA,NA,NA,NA
2009,"Michael Polvere",NA,"University of Redlands","defense","michael polvere","1","-","1","-/-","-","-/-","-","1","1-1","1/-","-","-","-","-","-","away",7491,NA,NA,NA,NA,NA,NA,NA,NA,NA
2009,"Mike Nicolini",NA,"University of Redlands","defense","mike nicolini","3","3","6","2.0/15","2.0","1.0/9","1.0","-","0-0","-/-","-","-","-","-","-","away",7491,NA,NA,NA,NA,NA,NA,NA,NA,NA
2009,"Mitchell Crocco",NA,"University of Redlands","defense","mitchell crocco","-","3","3","-/-","-","-/-","-","-","0-0","-/-","-","-","-","-","-","away",7491,NA,NA,NA,NA,NA,NA,NA,NA,NA
2009,"Randall Crim",NA,"University of Redlands","defense","randall crim","1","-","1","-/-","-","-/-","-","-","0-0","-/-","-","-","-","-","-","away",7491,NA,NA,NA,NA,NA,NA,NA,NA,NA
2009,"Richard Dye Ii",NA,"University of Redlands","defense","richard dye ii","1","3","4","-/-","-","-/-","-","-","0-0","-/-","1-4","1","-","-","-","away",7491,NA,NA,NA,NA,NA,NA,NA,NA,NA
2009,"Scott Garner",NA,"University of Redlands","defense","scott garner","1","2","3","-/-","-","-/-","-","-","0-1","1/-","-","-","-","-","-","away",7491,NA,NA,NA,NA,NA,NA,NA,NA,NA
2009,"Sean Scott",NA,"University of Redlands","defense","sean scott","-","1","1","-/-","-","-/-","-","-","0-0","-/-","-","-","-","-","-","away",7491,NA,NA,NA,NA,NA,NA,NA,NA,NA
2009,"Spencer Minshew",NA,"University of Redlands","defense","spencer minshew","1","1","2","0.5/2","0.5","-/-","-","-","0-0","-/-","-","-","-","-","-","away",7491,NA,NA,NA,NA,NA,NA,NA,NA,NA
2009,"Steve Pope-Rolewski",NA,"University of Redlands","defense","steve poperolewski","1","1","2","-/-","-","-/-","-","-","0-0","-/-","-","-","-","-","-","away",7491,NA,NA,NA,NA,NA,NA,NA,NA,NA
2009,"Team",NA,"University of Redlands","defense","team","-","-","-","-/-","-","-/-","-","-","0-1","1/-","-","-","-","-","-","home",7491,NA,NA,NA,NA,NA,NA,NA,NA,NA
2009,"Vince Aiello",NA,"University of Redlands","defense","vince aiello","-","2","2","-/-","-","-/-","-","-","0-0","-/-","-","-","-","-","-","away",7491,NA,NA,NA,NA,NA,NA,NA,NA,NA
2009,"Vince Dipiero",NA,"University of Redlands","defense","vince dipiero","1","2","3","-/-","-","-/-","-","-","0-0","-/-","-","-","-","-","-","away",7491,NA,NA,NA,NA,NA,NA,NA,NA,NA
2009,"A. Alonzo",NA,"Whittier College","defense","a alonzo","5","1","6","1.0/14","1.0","1.0/14","1.0","2","2-0","-/-","-","-","-","-","-","home",7493,NA,NA,NA,NA,NA,NA,NA,NA,NA
2009,"Atwater",NA,"Whittier College","defense","atwater","3","4","7","1.0/1","1.0","-/-","-","-","0-0","-/-","-","-","-","-","-","away",7493,NA,NA,NA,NA,NA,NA,NA,NA,NA
2009,"B. Johnson",NA,"Whittier College","defense","b johnson","2","1","3","-/-","-","-/-","-","-","0-1","1/-","-","-","-","-","-","home",7493,NA,NA,NA,NA,NA,NA,NA,NA,NA
2009,"B. Seitz",NA,"Whittier College","defense","b seitz","3","1","4","1.0/7","1.0","-/-","-","-","0-0","-/-","-","-","-","-","-","home",7493,NA,NA,NA,NA,NA,NA,NA,NA,NA
2009,"C. Sears",NA,"Whittier College","defense","c sears","-","1","1","-/-","-","-/-","-","-","0-0","-/-","-","-","-","-","-","home",7493,NA,NA,NA,NA,NA,NA,NA,NA,NA
2009,"C. Syfers",NA,"Whittier College","defense","c syfers","3","5","8","-/-","-","-/-","-","1","1-0","-/-","-","-","-","-","-","home",7493,NA,NA,NA,NA,NA,NA,NA,NA,NA
2009,"D. Cordova",NA,"Whittier College","defense","d cordova","1","3","4","-/-","-","-/-","-","-","0-0","-/-","-","-","-","-","-","home",7493,NA,NA,NA,NA,NA,NA,NA,NA,NA
2009,"E. Newton",NA,"Whittier College","defense","e newton","1","1","2","1.0/8","1.0","-/-","-","-","0-0","-/-","-","-","-","-","-","home",7493,NA,NA,NA,NA,NA,NA,NA,NA,NA
2009,"E. Yingling",NA,"Whittier College","defense","e yingling","-","1","1","-/-","-","-/-","-","-","0-0","-/-","-","-","-","-","-","away",7493,NA,NA,NA,NA,NA,NA,NA,NA,NA
2009,"G. Salinas",NA,"Whittier College","defense","g salinas","3","3","6","-/-","-","-/-","-","-","0-0","-/-","-","-","-","-","-","home",7493,NA,NA,NA,NA,NA,NA,NA,NA,NA
2009,"Gorshteyn",NA,"Whittier College","defense","gorshteyn","-","2","2","0.5/1","0.5","-/-","-","-","0-0","-/-","-","-","-","-","-","away",7493,NA,NA,NA,NA,NA,NA,NA,NA,NA
2009,"Hansen",NA,"Whittier College","defense","hansen","-","1","1","-/-","-","-/-","-","-","0-0","-/-","-","-","-","-","-","away",7493,NA,NA,NA,NA,NA,NA,NA,NA,NA
2009,"Henningsen",NA,"Whittier College","defense","henningsen","-","1","1","-/-","-","-/-","-","-","0-0","-/-","-","-","-","-","-","away",7493,NA,NA,NA,NA,NA,NA,NA,NA,NA
2009,"Hirokawa",NA,"Whittier College","defense","hirokawa","1","-","1","-/-","-","-/-","-","-","0-0","-/-","-","-","-","-","-","away",7493,NA,NA,NA,NA,NA,NA,NA,NA,NA
2009,"J. Cato",NA,"Whittier College","defense","j cato","5","4","9","1.0/7","1.0","-/-","-","-","0-0","-/-","-","-","-","-","-","home",7493,NA,NA,NA,NA,NA,NA,NA,NA,NA
2009,"J. Lomeli",NA,"Whittier College","defense","j lomeli","5","3","8","-/-","-","-/-","-","-","0-1","1/-","-","-","-","-","-","home",7493,NA,NA,NA,NA,NA,NA,NA,NA,NA
2009,"J. Martinez",NA,"Whittier College","defense","j martinez","1","2","3","-/-","-","-/-","-","-","0-0","-/-","-","-","-","-","-","home",7493,NA,NA,NA,NA,NA,NA,NA,NA,NA
2009,"J. Porotesano",NA,"Whittier College","defense","j porotesano","2","2","4","-/-","-","-/-","-","-","0-0","-/-","-","-","-","-","-","home",7493,NA,NA,NA,NA,NA,NA,NA,NA,NA
2009,"Jiwanlal",NA,"Whittier College","defense","jiwanlal","-","1","1","-/-","-","-/-","-","-","0-0","-/-","-","-","-","1","-","away",7493,NA,NA,NA,NA,NA,NA,NA,NA,NA
2009,"Laredo",NA,"Whittier College","defense","laredo","-","1","1","-/-","-","-/-","-","-","0-0","-/-","-","-","1","-","-","away",7493,NA,NA,NA,NA,NA,NA,NA,NA,NA
2009,"Marcoot",NA,"Whittier College","defense","marcoot","1","1","2","-/-","-","-/-","-","-","0-0","-/-","-","-","-","-","-","away",7493,NA,NA,NA,NA,NA,NA,NA,NA,NA
2009,"Mills",NA,"Whittier College","defense","mills","1","3","4","0.5/-","0.5","-/-","-","-","0-0","-/-","-","-","-","-","1","away",7493,NA,NA,NA,NA,NA,NA,NA,NA,NA
2009,"Morris",NA,"Whittier College","defense","morris","4","4","8","2.0/5","2.0","-/-","-","-","0-0","-/-","-","-","-","-","-","away",7493,NA,NA,NA,NA,NA,NA,NA,NA,NA
2009,"Nottke",NA,"Whittier College","defense","nottke","-","2","2","0.5/1","0.5","-/-","-","-","0-0","-/-","-","-","-","-","-","away",7493,NA,NA,NA,NA,NA,NA,NA,NA,NA
2009,"Olson",NA,"Whittier College","defense","olson","2","6","8","-/-","-","-/-","-","-","0-0","-/-","-","-","-","-","-","away",7493,NA,NA,NA,NA,NA,NA,NA,NA,NA
2009,"Patoc",NA,"Whittier College","defense","patoc","2","4","6","-/-","-","-/-","-","-","0-0","-/-","-","-","-","-","-","away",7493,NA,NA,NA,NA,NA,NA,NA,NA,NA
2009,"Picciotto",NA,"Whittier College","defense","picciotto","6","2","8","1.0/1","1.0","-/-","-","-","0-0","-/-","-","-","1","-","-","away",7493,NA,NA,NA,NA,NA,NA,NA,NA,NA
2009,"R. Kirkpatrick",NA,"Whittier College","defense","r kirkpatrick","2","4","6","1.5/8","1.5","1.0/7","1.0","-","0-1","1/-","-","-","-","-","-","home",7493,NA,NA,NA,NA,NA,NA,NA,NA,NA
2009,"R. Reynaga",NA,"Whittier College","defense","r reynaga","1","-","1","-/-","-","-/-","-","-","0-0","-/-","-","-","-","-","-","home",7493,NA,NA,NA,NA,NA,NA,NA,NA,NA
2009,"Rymer",NA,"Whittier College","defense","rymer","-","3","3","0.5/-","0.5","-/-","-","-","0-0","-/-","-","-","-","-","-","away",7493,NA,NA,NA,NA,NA,NA,NA,NA,NA
2009,"S. Sheets",NA,"Whittier College","defense","s sheets","-","2","2","-/-","-","-/-","-","-","0-0","-/-","-","-","-","-","-","home",7493,NA,NA,NA,NA,NA,NA,NA,NA,NA
2009,"Salzman",NA,"Whittier College","defense","salzman","-","1","1","-/-","-","-/-","-","-","0-0","-/-","-","-","-","-","-","away",7493,NA,NA,NA,NA,NA,NA,NA,NA,NA
2009,"Storrielombardi",NA,"Whittier College","defense","storrielombardi","-","1","1","-/-","-","-/-","-","-","0-0","-/-","-","-","-","-","-","away",7493,NA,NA,NA,NA,NA,NA,NA,NA,NA
2009,"T. Driskell",NA,"Whittier College","defense","t driskell","-","1","1","-/-","-","-/-","-","-","0-0","-/-","-","-","-","-","-","home",7493,NA,NA,NA,NA,NA,NA,NA,NA,NA
2009,"T. Schilling",NA,"Whittier College","defense","t schilling","3","4","7","2.5/9","2.5","1.0/7","1.0","-","0-0","-/-","-","-","-","-","-","home",7493,NA,NA,NA,NA,NA,NA,NA,NA,NA
2009,"Tognoni",NA,"Whittier College","defense","tognoni","6","2","8","-/-","-","-/-","-","-","0-0","-/-","-","-","-","-","-","away",7493,NA,NA,NA,NA,NA,NA,NA,NA,NA
2009,NA,3,NA,NA,"nick marineau",NA,NA,NA,NA,NA,NA,NA,NA,NA,NA,NA,NA,NA,NA,NA,NA,NA,"Sr.",NA,"WR","5-7",NA,NA,NA,"Portland, OR / Beaverton","https://cmsathletics.org/sports/football/roster/2009?view=2"
2009,NA,5,NA,NA,"jack lamb",NA,NA,NA,NA,NA,NA,NA,NA,NA,NA,NA,NA,NA,NA,NA,NA,NA,"Jr.",NA,"RB","5-9",NA,NA,NA,"Seattle, WA / Seattle Prep","https://cmsathletics.org/sports/football/roster/2009?view=2"
2009,NA,6,NA,NA,"peter kimmey",NA,NA,NA,NA,NA,NA,NA,NA,NA,NA,NA,NA,NA,NA,NA,NA,NA,"Fr.",NA,"QB","6-1",NA,NA,NA,"Seattle, WA / Lakeside School","https://cmsathletics.org/sports/football/roster/2009?view=2"
2009,NA,7,NA,NA,"spencer clark",NA,NA,NA,NA,NA,NA,NA,NA,NA,NA,NA,NA,NA,NA,NA,NA,NA,"Jr.",NA,"WR","5-10",NA,NA,NA,"Edmonds, WA / Kings","https://cmsathletics.org/sports/football/roster/2009?view=2"
2009,NA,8,NA,NA,"scott yingling",NA,NA,NA,NA,NA,NA,NA,NA,NA,NA,NA,NA,NA,NA,NA,NA,NA,"Jr.",NA,"QB","6-1",NA,NA,NA,"Roundlake, IL / Carmel Catholic","https://cmsathletics.org/sports/football/roster/2009?view=2"
2009,NA,12,NA,NA,"patrick rooney",NA,NA,NA,NA,NA,NA,NA,NA,NA,NA,NA,NA,NA,NA,NA,NA,NA,"So.",NA,"QB","6-1",NA,NA,NA,"Bellevue, WA / Sammamish","https://cmsathletics.org/sports/football/roster/2009?view=2"
2009,NA,13,NA,NA,"david hirsch",NA,NA,NA,NA,NA,NA,NA,NA,NA,NA,NA,NA,NA,NA,NA,NA,NA,"Fr.",NA,"QB","6-4",NA,NA,NA,"Evanston, IL / Evanston Township","https://cmsathletics.org/sports/football/roster/2009?view=2"
2009,NA,16,NA,NA,"mike mcneece",NA,NA,NA,NA,NA,NA,NA,NA,NA,NA,NA,NA,NA,NA,NA,NA,NA,"Sr.",NA,"QB","6-0",NA,NA,NA,"Benicia / Benicia","https://cmsathletics.org/sports/football/roster/2009?view=2"
2009,NA,18,NA,NA,"adam merry",NA,NA,NA,NA,NA,NA,NA,NA,NA,NA,NA,NA,NA,NA,NA,NA,NA,"Fr.",NA,"WR","5-11",NA,NA,NA,"Monterey / Stevenson School","https://cmsathletics.org/sports/football/roster/2009?view=2"
2009,NA,19,NA,NA,"evan otis",NA,NA,NA,NA,NA,NA,NA,NA,NA,NA,NA,NA,NA,NA,NA,NA,NA,"Fr.",NA,"DB","6-0",NA,NA,NA,"New Canaan, CT / New Canaan","https://cmsathletics.org/sports/football/roster/2009?view=2"
2009,NA,21,NA,NA,"taylor wall",NA,NA,NA,NA,NA,NA,NA,NA,NA,NA,NA,NA,NA,NA,NA,NA,NA,"Jr.",NA,"RB","5-6",NA,NA,NA,"Scottsdale, AZ / Desert Mountain","https://cmsathletics.org/sports/football/roster/2009?view=2"
2009,NA,22,NA,NA,"charlie sarosy",NA,NA,NA,NA,NA,NA,NA,NA,NA,NA,NA,NA,NA,NA,NA,NA,NA,"Sr.",NA,"LB","5-8",NA,NA,NA,"Chula Vista / Eastlake","https://cmsathletics.org/sports/football/roster/2009?view=2"
2009,NA,24,NA,NA,"sam corcos",NA,NA,NA,NA,NA,NA,NA,NA,NA,NA,NA,NA,NA,NA,NA,NA,NA,"Jr.",NA,"DB","6-0",NA,NA,NA,"Sacramento / Bella Vista","https://cmsathletics.org/sports/football/roster/2009?view=2"
2009,NA,25,NA,NA,"alexander de avila",NA,NA,NA,NA,NA,NA,NA,NA,NA,NA,NA,NA,NA,NA,NA,NA,NA,"Fr.",NA,"LB","6-0",NA,NA,NA,"Laguna Niguel / Dana Hills","https://cmsathletics.org/sports/football/roster/2009?view=2"
2009,NA,27,NA,NA,"andrew segal",NA,NA,NA,NA,NA,NA,NA,NA,NA,NA,NA,NA,NA,NA,NA,NA,NA,"So.",NA,"RB","5-9",NA,NA,NA,"Santa Barbara / San Marcos","https://cmsathletics.org/sports/football/roster/2009?view=2"
2009,NA,28,NA,NA,"alex wheatley",NA,NA,NA,NA,NA,NA,NA,NA,NA,NA,NA,NA,NA,NA,NA,NA,NA,"So.",NA,"RB","6-0",NA,NA,NA,"Medina, WA / Seattle Prep","https://cmsathletics.org/sports/football/roster/2009?view=2"
2009,NA,29,NA,NA,"gregory kalin",NA,NA,NA,NA,NA,NA,NA,NA,NA,NA,NA,NA,NA,NA,NA,NA,NA,"Fr.",NA,"DB","5-11",NA,NA,NA,"Menlo Park / Menlo-Atherton","https://cmsathletics.org/sports/football/roster/2009?view=2"
2009,NA,30,NA,NA,"sean simmons",NA,NA,NA,NA,NA,NA,NA,NA,NA,NA,NA,NA,NA,NA,NA,NA,NA,"Fr.",NA,"RB","6-0",NA,NA,NA,"New Canaan, CT / New Canaan","https://cmsathletics.org/sports/football/roster/2009?view=2"
2009,NA,33,NA,NA,"connor oboyle",NA,NA,NA,NA,NA,NA,NA,NA,NA,NA,NA,NA,NA,NA,NA,NA,NA,"Fr.",NA,"LB","6-1",NA,NA,NA,"Seattle, WA / Seattle Prep","https://cmsathletics.org/sports/football/roster/2009?view=2"
2009,NA,34,NA,NA,"elijah chiang",NA,NA,NA,NA,NA,NA,NA,NA,NA,NA,NA,NA,NA,NA,NA,NA,NA,"So.",NA,"DB","6-0",NA,NA,NA,"Tempe, AZ / Corona Del Sol","https://cmsathletics.org/sports/football/roster/2009?view=2"
2009,NA,35,NA,NA,"david meister",NA,NA,NA,NA,NA,NA,NA,NA,NA,NA,NA,NA,NA,NA,NA,NA,NA,"Fr.",NA,"K/P","5-9",NA,NA,NA,"Brooklyn, NY / Hill School","https://cmsathletics.org/sports/football/roster/2009?view=2"
2009,NA,38,NA,NA,"ilan bielas",NA,NA,NA,NA,NA,NA,NA,NA,NA,NA,NA,NA,NA,NA,NA,NA,NA,"Fr.",NA,"WR","6-1",NA,NA,NA,"Chula Vista / San Diego Jewish Academy","https://cmsathletics.org/sports/football/roster/2009?view=2"
2009,NA,40,NA,NA,"scott martin",NA,NA,NA,NA,NA,NA,NA,NA,NA,NA,NA,NA,NA,NA,NA,NA,NA,"Fr.",NA,"LB","6-1",NA,NA,NA,"Jamaica Plain, MA / Roxbury Latin School","https://cmsathletics.org/sports/football/roster/2009?view=2"
2009,NA,44,NA,NA,"trevor beltz",NA,NA,NA,NA,NA,NA,NA,NA,NA,NA,NA,NA,NA,NA,NA,NA,NA,"So.",NA,"RB","5-9",NA,NA,NA,"Portland, OR / Wilson","https://cmsathletics.org/sports/football/roster/2009?view=2"
2009,NA,45,NA,NA,"jesse franklin",NA,NA,NA,NA,NA,NA,NA,NA,NA,NA,NA,NA,NA,NA,NA,NA,NA,"Jr.",NA,"WR","5-10",NA,NA,NA,"Bellevue, WA / Sammamish","https://cmsathletics.org/sports/football/roster/2009?view=2"
2009,NA,46,NA,NA,"eric janicki",NA,NA,NA,NA,NA,NA,NA,NA,NA,NA,NA,NA,NA,NA,NA,NA,NA,"Fr.",NA,"LB","6-2",NA,NA,NA,"Evanston, IL / Evanston Township","https://cmsathletics.org/sports/football/roster/2009?view=2"
2009,NA,50,NA,NA,"jordan santo",NA,NA,NA,NA,NA,NA,NA,NA,NA,NA,NA,NA,NA,NA,NA,NA,NA,"So.",NA,"P/K","5-7",NA,NA,NA,"Carmichael / Rio Americano","https://cmsathletics.org/sports/football/roster/2009?view=2"
2009,NA,52,NA,NA,"garrison adomian",NA,NA,NA,NA,NA,NA,NA,NA,NA,NA,NA,NA,NA,NA,NA,NA,NA,"Fr.",NA,"OL","6-2",NA,NA,NA,"El Segundo / El Segundo","https://cmsathletics.org/sports/football/roster/2009?view=2"
2009,NA,53,NA,NA,"alec storrielombardi",NA,NA,NA,NA,NA,NA,NA,NA,NA,NA,NA,NA,NA,NA,NA,NA,NA,"Fr.",NA,"OL","5-11",NA,NA,NA,"Pasadena / Flintridge Prep","https://cmsathletics.org/sports/football/roster/2009?view=2"
2009,NA,54,NA,NA,"sam jolly",NA,NA,NA,NA,NA,NA,NA,NA,NA,NA,NA,NA,NA,NA,NA,NA,NA,"So.",NA,"OL","6-1",NA,NA,NA,"El Dorado Hills / Oak Ridge","https://cmsathletics.org/sports/football/roster/2009?view=2"
2009,NA,58,NA,NA,"phin palmer",NA,NA,NA,NA,NA,NA,NA,NA,NA,NA,NA,NA,NA,NA,NA,NA,NA,"Jr.",NA,"OL","6-4",NA,NA,NA,"Venice / Hopkins","https://cmsathletics.org/sports/football/roster/2009?view=2"
2009,NA,59,NA,NA,"ryan pedersen",NA,NA,NA,NA,NA,NA,NA,NA,NA,NA,NA,NA,NA,NA,NA,NA,NA,"Jr.",NA,"OL","6-3",NA,NA,NA,"Petaluma / St. Vincent","https://cmsathletics.org/sports/football/roster/2009?view=2"
2009,NA,60,NA,NA,"ed schooler",NA,NA,NA,NA,NA,NA,NA,NA,NA,NA,NA,NA,NA,NA,NA,NA,NA,"So.",NA,"OL","5-9",NA,NA,NA,"Bellevue, WA / Newport","https://cmsathletics.org/sports/football/roster/2009?view=2"
2009,NA,61,NA,NA,"robert daily",NA,NA,NA,NA,NA,NA,NA,NA,NA,NA,NA,NA,NA,NA,NA,NA,NA,"Fr.",NA,"DL","6-1",NA,NA,NA,"Rolling Hills / Palos Verdes","https://cmsathletics.org/sports/football/roster/2009?view=2"
2009,NA,64,NA,NA,"kaj pedersen",NA,NA,NA,NA,NA,NA,NA,NA,NA,NA,NA,NA,NA,NA,NA,NA,NA,"Jr.",NA,"OL","5-10",NA,NA,NA,"Santa Ana / Ocean View","https://cmsathletics.org/sports/football/roster/2009?view=2"
2009,NA,66,NA,NA,"ross sevy",NA,NA,NA,NA,NA,NA,NA,NA,NA,NA,NA,NA,NA,NA,NA,NA,NA,"So.",NA,"OL","6-3",NA,NA,NA,"Novato / Marin Catholic","https://cmsathletics.org/sports/football/roster/2009?view=2"
2009,NA,67,NA,NA,"matt pautler",NA,NA,NA,NA,NA,NA,NA,NA,NA,NA,NA,NA,NA,NA,NA,NA,NA,"Jr.",NA,"OL","6-1",NA,NA,NA,"Tiburon / Marin Catholic","https://cmsathletics.org/sports/football/roster/2009?view=2"
2009,NA,68,NA,NA,"vikram shivaji",NA,NA,NA,NA,NA,NA,NA,NA,NA,NA,NA,NA,NA,NA,NA,NA,NA,"Sr.",NA,"OL","5-7",NA,NA,NA,"Los Gatos / Los Gatos","https://cmsathletics.org/sports/football/roster/2009?view=2"
2009,NA,70,NA,NA,"jordan nottke",NA,NA,NA,NA,NA,NA,NA,NA,NA,NA,NA,NA,NA,NA,NA,NA,NA,"Sr.",NA,"DL","6-6",NA,NA,NA,"Bangkok, THI / Western Reserve Academy","https://cmsathletics.org/sports/football/roster/2009?view=2"
2009,NA,71,NA,NA,"jeffrey wagner",NA,NA,NA,NA,NA,NA,NA,NA,NA,NA,NA,NA,NA,NA,NA,NA,NA,"Jr.",NA,"DL","5-11",NA,NA,NA,"Glendale / Flintridge Prep","https://cmsathletics.org/sports/football/roster/2009?view=2"
2009,NA,73,NA,NA,"mike takkinen",NA,NA,NA,NA,NA,NA,NA,NA,NA,NA,NA,NA,NA,NA,NA,NA,NA,"Sr.",NA,"OL","6-1",NA,NA,NA,"Placentia / Sonora","https://cmsathletics.org/sports/football/roster/2009?view=2"
2009,NA,75,NA,NA,"ashraf el gamal",NA,NA,NA,NA,NA,NA,NA,NA,NA,NA,NA,NA,NA,NA,NA,NA,NA,"Fr.",NA,"OL","6-2",NA,NA,NA,"Palo Alto / Palo Alto","https://cmsathletics.org/sports/football/roster/2009?view=2"
2009,NA,84,NA,NA,"jacob tobis",NA,NA,NA,NA,NA,NA,NA,NA,NA,NA,NA,NA,NA,NA,NA,NA,NA,"Jr.",NA,"WR","5-11",NA,NA,NA,"Mercer Island, WA / Mercer Island","https://cmsathletics.org/sports/football/roster/2009?view=2"
2009,NA,85,NA,NA,"ronald hirokawa",NA,NA,NA,NA,NA,NA,NA,NA,NA,NA,NA,NA,NA,NA,NA,NA,NA,"So.",NA,"WR","5-8",NA,NA,NA,"Aiea, HI / Iolani School","https://cmsathletics.org/sports/football/roster/2009?view=2"
2009,NA,88,NA,NA,"daniel hoesterey",NA,NA,NA,NA,NA,NA,NA,NA,NA,NA,NA,NA,NA,NA,NA,NA,NA,"Jr.",NA,"TE","6-2",NA,NA,NA,"Bellevue, WA / Bellevue","https://cmsathletics.org/sports/football/roster/2009?view=2"
2009,NA,89,NA,NA,"alex cameron",NA,NA,NA,NA,NA,NA,NA,NA,NA,NA,NA,NA,NA,NA,NA,NA,NA,"Fr.",NA,"WR","6-2",NA,NA,NA,"Bellevue, WA / Seattle Prep","https://cmsathletics.org/sports/football/roster/2009?view=2"
2009,NA,93,NA,NA,"cameron conley",NA,NA,NA,NA,NA,NA,NA,NA,NA,NA,NA,NA,NA,NA,NA,NA,NA,"So.",NA,"TE","6-3",NA,NA,NA,"Vancouver, WA / Ridgefield","https://cmsathletics.org/sports/football/roster/2009?view=2"
